<project name="Aura Config Lite" >

	<macrodef name="setChildrenInclude">
	   <attribute name="resource.xml.name"/>
	   <sequential>
	   	 <if>
			<or>
				<equals arg1="@{resource.xml.name}" arg2="Security"/>
				<equals arg1="@{resource.xml.name}" arg2="JVM"/>
			</or>
			<then>
				<property name="includeAllChildren" value="true"/>
			</then>
			<else>
				<property name="includeAllChildren" value="false"/>
			</else>
		</if>	
	      </sequential>
	</macrodef>




	<!-- ************************************************************
		Preview Resources   
             ************************************************************ -->

	<macrodef name="reportResources">
		<sequential>
			<foreach target="doReportResources"  param="file" inheritall="true">
				<fileset dir="${CURRENT_DIR}/resources">
					<include name="*.xml"/>
				</fileset>
			</foreach>
		</sequential>
	</macrodef>
	
	<target name="doReportResources" >
		<echo message="${file}"/>
		<basename property="xml.filename" file="${file}"  suffix="Resource.xml"/>


		<AuraConfigLiteResource resourceXML="${CURRENT_DIR}/resources/${xml.filename}Resource.xml"
			host="${dmgrHostName}" port="${dmgrPortNumber}" connectionType="${wasConnectionType}"  
			userName="${wasUserName}" password="${wasPassword}" connectionMode="remote"
			applicationName="Aura"
 			operationMode="reportOnly"
			syncResourceXML="${AURA_REPO}/resources/config/${date}/${xml.filename}Resource-${dmgrHostName}-${env.name}-preview-${startTime}.xml"
			syncReportLocation="${AURA_REPO}/resources/report/${date}/${xml.filename}Resource-${dmgrHostName}-${env.name}-preview-${startTime}.html"
			includeAllChildren="false"
			environmentProperties="${CURRENT_DIR}/properties/${env.name}.properties" 
			
			SOAPSecurityConfig="${SOAPSecurityConfig}"
			SASSecurityConfig="${SASSecurityConfig}"
			SSLSecurityConfig="${SSLSecurityConfig}"

			/>

	</target>	


	<target name="reportResources">
		<reportResources/>
	</target>

	<!-- ************************************************************
		Extract Resources   
             ************************************************************ -->
	<target name="extractAllResouces" >
		<foreach target="doextractResources"  param="file" inheritall="true">
			<fileset dir="${AURA_HOME}/resources/extractTemplates/server">
				<include name="*.xml"/>
			</fileset>
		</foreach>
		<foreach target="doextractResources"  param="file" inheritall="true">
			<fileset dir="${AURA_HOME}/resources/extractTemplates/cell">
				<include name="*.xml"/>
			</fileset>
		</foreach>
		
		<foreach target="doextractResources"  param="file" inheritall="true">
			<fileset dir="${AURA_HOME}/resources/extractTemplates/cluster">
				<include name="*.xml"/>
			</fileset>
		</foreach>

	</target>

	<target name="doextractResources">
		<echo message="${file}"/>
		<basename property="xml.filename" file="${file}"  suffix="Resource.xml"/>

		<setChildrenInclude resource.xml.name="${xml.filename}" />
		
		<AuraConfigLiteResource resourceXML="${file}"
			host="${dmgrHostName}" port="${dmgrPortNumber}" connectionType="${wasConnectionType}"  
			userName="${wasUserName}" password="${wasPassword}" connectionMode="remote"
			applicationName="Aura"
 			operationMode="sync"
			syncResourceXML="${AURA_REPO}/resources/config/${date}/${xml.filename}Resource-${dmgrHostName}-${env.name}-extract-${startTime}.xml"
			syncReportLocation="${AURA_REPO}/resources/report/${date}/${xml.filename}Resource-${dmgrHostName}-${env.name}-extract-${startTime}.html"
			includeAllChildren="${includeAllChildren}"
			environmentProperties="${CURRENT_DIR}/properties/${env.name}.properties" 
			SOAPSecurityConfig="${SOAPSecurityConfig}"
			SASSecurityConfig="${SASSecurityConfig}"
			SSLSecurityConfig="${SSLSecurityConfig}"

			/>


		<echo message="********************************"/>
		<echo message="Report generated in ${basedir}/resources/report/${date}/${xml.filename}Resource-${dmgrHostName}-${env.name}-${startTime}.html"/>
		<echo message="********************************"/>
	</target>	


	<target name="extractResource"  description="extract the resource">
		<setChildrenInclude resource.xml.name="${resource.name}" />


		<echo message="Processing for extract ${basedir}/resources/${resource.name}Resource.xml" />
		<echo message="Processing extract using properties ${basedir}/resources/environmentProperties/${env.name}.properties" />

		<AuraConfigLiteResource resourceXML="${AURA_HOME}/resources/extractTemplates/${scope}/${resource.name}Resource.xml"
			host="${dmgrHostName}" port="${dmgrPortNumber}" connectionType="${wasConnectionType}"  
			userName="${wasUserName}" password="${wasPassword}" connectionMode="remote"
			applicationName="Aura"
 			operationMode="sync"
			syncResourceXML="${AURA_REPO}/resources/config/${date}/${resource.name}Resource-${dmgrHostName}-${env.name}-extract-${startTime}.xml"
			syncReportLocation="${AURA_REPO}/resources/report/${date}/${resource.name}Resource-${dmgrHostName}-${env.name}-extract-${startTime}.html"
			includeAllChildren="${includeAllChildren}"
			environmentProperties="${CURRENT_DIR}/properties/${env.name}.properties" 
			SOAPSecurityConfig="${SOAPSecurityConfig}"
			SASSecurityConfig="${SASSecurityConfig}"
			SSLSecurityConfig="${SSLSecurityConfig}"

			/>

		<echo message="********************************"/>
		<echo message="Report generated in ${AURA_REPO}/resources/report/${date}/${resource.name}Resource-${dmgrHostName}-${env.name}-extract-${startTime}.html"/>
		<echo message="********************************"/>
	</target>	

	<!-- ************************************************************
		Commit Resources   
             ************************************************************ -->

		<target name="commitResources" >
	           <foreach target="doReportResources"  param="file" inheritall="true">
                     <fileset dir="resources/commit">
                             <include name="*.xml"/>
                     </fileset>
	          </foreach>
              <input addproperty="confirmCommit"  message="Do you want to commit?. Press Y to continue, Any other key to exit." />
			
			<if>
				<equals arg1="${confirmCommit}" arg2="Y" casesensitive="false"/>
			<then>
			</then>
			<else>
				<fail message="Use action cancel"/>
			</else>
			</if>
	
			<foreach target="docommitResources"  param="file" inheritall="true">
				<fileset dir="resources/commit">
					<include name="*.xml"/>
				</fileset>
			</foreach>
		</target>


       <target name="docommitResources" >
                <echo message="Processing file for commit: ${file}"/>
                <basename property="xml.filename" file="${file}"  suffix="Resource.xml"/>

		<AuraConfigLiteResource resourceXML="${CURRENT_DIR}/resources/${xml.filename}Resource.xml"
			host="${dmgrHostName}" port="${dmgrPortNumber}" connectionType="${wasConnectionType}"  
			userName="${wasUserName}" password="${wasPassword}" connectionMode="remote"
			applicationName="Aura"
 			operationMode="normal"
			syncResourceXML="${AURA_REPO}/resources/config/${date}/commit/${xml.filename}Resource-${dmgrHostName}-${env.name}-commit-${startTime}.xml"
			syncReportLocation="${AURA_REPO}/resources/report/${date}/commit/${xml.filename}Resource-${dmgrHostName}-${env.name}-commit-${startTime}.html"
			includeAllChildren="false"
			environmentProperties="${CURRENT_DIR}/properties/${env.name}.properties" 
			SOAPSecurityConfig="${SOAPSecurityConfig}"
			SASSecurityConfig="${SASSecurityConfig}"
			SSLSecurityConfig="${SSLSecurityConfig}"
			/>

		<AuraSyncNode 
			host="${dmgrHostName}" port="${dmgrPortNumber}" connectionType="${wasConnectionType}"  
			userName="${wasUserName}" password="${wasPassword}" connectionMode="remote"
			SOAPSecurityConfig="${SOAPSecurityConfig}"
			SASSecurityConfig="${SASSecurityConfig}"
			SSLSecurityConfig="${SSLSecurityConfig}"
	
		/>

	</target>	

	
	<!-- ************************************************************
		Sync 
             ************************************************************ -->

	<target name="syncResources" >
		<foreach target="doSyncResources"  param="file" inheritall="true">
			<fileset dir="resources/commit">
				<include name="*.xml"/>
			</fileset>
		</foreach>
	</target>

	<!-- ************************************************************
		Compare  Resources  files
             ************************************************************ -->
	<target name="setResourceToCompare">

	</target>

	<target name="docompareFiles" >
		<property name="ResourceName" value="JDBCProvider"/>
		<property name="resourceXML1" value="${basedir}/workdir/DefaultApp/config/resources/${resource.name}Resource.xml"/>
		<property name="resourceXML2" value="${basedir}/workdir/archive/DefaultApp/config/resources/${resource.name}Resource.xml"/>

		<property name="environmentProperties1" value="${basedir}/resources/environmentProperties/${env.name}.properties"/>
		<property name="environmentProperties2" value="${basedir}/resources/environmentProperties/${env.name}.properties"/>

		<AuraConfigLiteXML resourceXML1="${resourceXML1}" 
			resourceXML2="${resourceXML2}"
			environmentProperties1 = "${environmentProperties1}"
			environmentProperties2 = "${environmentProperties2}"
			syncResourceXML="${basedir}/resources/config/${date}/${xml.filename}Resource-${dmgrHostName}-${env.name}-commit-${startTime}.xml"
			syncReportLocation="${basedir}/resources/report/${date}/${xml.filename}Resource-${dmgrHostName}-${env.name}-commit-${startTime}.html"
			includeAllChildren="false"/>

		<echo message="********************************"/>
		<echo message="Report generated in ${basedir}/resources/report/${date}/${resource.name}Resource-${dmgrHostName}-${env.name}-${startTime}.html"/>
		<echo message="********************************"/>

	</target>

</project>
