<?xml version="1.0" encoding="UTF-8"?>
<resources>
	<Cell name="${{CellName}}">
		<EjbNameSpaceBinding/> 
		<StringNameSpaceBinding/> 
		<CORBAObjectNameSpaceBinding/> 
		<IndirectLookupNameSpaceBinding/> 
		<Node name="${{NodeName}}">
			<EjbNameSpaceBinding/> 
			<StringNameSpaceBinding/> 
			<CORBAObjectNameSpaceBinding/> 
			<IndirectLookupNameSpaceBinding/> 
			<Server name="${{ServerName}}" >
				<EjbNameSpaceBinding/> 
				<StringNameSpaceBinding/> 
				<CORBAObjectNameSpaceBinding/> 
				<IndirectLookupNameSpaceBinding/> 
			</Server>
		</Node>
	</Cell>
</resources>
