<project name="input">

	<target name="input">
		<groovy>
			def InputDataProcessor inputDataProcessor = new InputDataProcessor()
			inputDataProcessor.setAntBuilder(ant)
			inputDataProcessor.process()
		</groovy>
			
		<property file="${env.file}"/>	
	</target>


	<target name="inputResourceName" >
		<echo message="***********************************"/>
		<echo message="Enter Scope to extract: cell or server or cluster "/>
		<echo message="***********************************"/>
		<input addproperty="scope" />

		<if>
			<not>
				<equals arg1="noprompt" arg2="true" />
			</not>
			<then>	
				
				<groovy>
					def InputDataProcessor inputDataProcessor = new InputDataProcessor()
					inputDataProcessor.setAntBuilder(ant)
					inputDataProcessor.listResources()
				</groovy>
	
				<echo message="***********************************"/>
				<echo message="Enter Resource Name to extract from list above"/>
				<echo message="***********************************"/>
			
				<input addproperty="resource.name" />
			</then>	
		</if>	


	</target>



	<target name="inputDeployData" >

		<if>
			<not>
				<equals arg1="noprompt" arg2="true" />
			</not>
			<then>	
				
				<groovy>
					def InputDataProcessor inputDataProcessor = new InputDataProcessor()
					inputDataProcessor.setAntBuilder(ant)
					inputDataProcessor.promptDeployData()
				</groovy>
	
			</then>	
		</if>	


	</target>


	<target name="install-plugin">
		<groovy>
			def PluginInstaller pluginInstaller = new PluginInstaller()
			pluginInstaller.setAntBuilder(ant)
			pluginInstaller.process()
		</groovy>
	</target>


</project>
