<project name="input">

	<target name="input">
		<groovy>
			def InputDataProcessor inputDataProcessor = new InputDataProcessor()
			inputDataProcessor.setAntBuilder(ant)
			inputDataProcessor.process()
		</groovy>
			
		<property file="${env.file}"/>	
	</target>

	<target name="inputScope" >
		
		<if>
			<equals arg1="${noprompt}" arg2="true" />
			<then>
				<echo message="Scope set ${scope}"/>
			</then>	
			<else>

			<echo message="***********************************"/>
			<echo message="Enter Scope to extract: cell or node or server or cluster "/>
			<echo message="***********************************"/>
			<input addproperty="scope" />

			</else>	
		</if>	
	</target>

	<target name="inputResourceName" >

		<if>
			<not>
				<equals arg1="noprompt" arg2="true" />
			</not>
			<then>	
				
				<groovy>
					def InputDataProcessor inputDataProcessor = new InputDataProcessor()
					inputDataProcessor.setAntBuilder(ant)
					inputDataProcessor.listResources()
				</groovy>
	
				<echo message="***********************************"/>
				<echo message="Enter Resource Name to extract from list above"/>
				<echo message="***********************************"/>
			
				<input addproperty="resource.name" />
			</then>	
		</if>	


	</target>



	<target name="inputDeployData" >

		<if>
			<not>
				<equals arg1="noprompt" arg2="true" />
			</not>
			<then>	
				
				<groovy>
					def InputDataProcessor inputDataProcessor = new InputDataProcessor()
					inputDataProcessor.setAntBuilder(ant)
					inputDataProcessor.promptDeployData()
				</groovy>
	
			</then>	
		</if>	


	</target>


	<target name="install-plugin">
		<groovy>
			def PluginInstaller pluginInstaller = new PluginInstaller()
			pluginInstaller.setAntBuilder(ant)
			pluginInstaller.process()
		</groovy>
	</target>

	<target name="load-aura-xml">
		<groovy>
			def AuraXML auraxml = new AuraXML()
			auraxml.setAntBuilder(ant)
			auraxml.loadAuraXML()
		</groovy>
		<echo message="${resource.location}"/>
		<echo message="${resource.property.location}"/>
	</target>

	<target name="_serve">
		<groovy>
			def JettyServer server = new JettyServer()

			server.startServer()
		</groovy>
		<echo message="${resource.location}"/>
		<echo message="${resource.property.location}"/>
	</target>


</project>
