<project name="Deploy" >
	<property name="remoteworkdir" value="/tmp/deploy" />

	<property name="remote.workdir.ear" value="${remoteworkdir}/${workdir}/${applicationName}/ear" />
	<property name="remote.workdir.deploydata" value="${remoteworkdir}/${workdir}/${applicationName}/deploydata" />
	<property name="remoteMultiEARLocation" value="${remoteworkdir}"/>
	

	<property name="multiEARLocation" value="${CURRENT_DIR}/ear" />
	<property name="multiEARDeployData" value="${CURRENT_DIR}/ear" />

		
	<target name="startApplication">

		<AuraApplication 
			applicationName="aura" cluster="${cluster.name}" server="${server.name}" 
			host="${dmgrHostName}" port="${dmgrPortNumber}" connectionType="${wasConnectionType}" 
			userName="${wasUserName}" password="${wasPassword.uncoded}"			
			isMultiEAR="true" MultiEARLocation="${ear.location}" 
			operation="start" 
			soapSecurityConfig="${SOAPSecurityConfig}"
			sslSecurityConfig="${SSLSecurityConfig}"
			sasSecurityConfig="${SASSecurityConfig}"
			jaacSecurityConfig="${JAACSecurityConfig}"
		/>

	</target>

	<target name="stopApplication">
		<AuraApplication applicationName="aura" cluster="${cluster.name}" server="${server.name}" 
			host="${dmgrHostName}" port="${dmgrPortNumber}" connectionType="${wasConnectionType}" 
			userName="${wasUserName}" password="${wasPassword.uncoded}" 
			isMultiEAR="true" MultiEARLocation="${ear.location}" 
			operation="stop" 
			soapSecurityConfig="${SOAPSecurityConfig}"
			sslSecurityConfig="${SSLSecurityConfig}"
			sasSecurityConfig="${SASSecurityConfig}"
			jaacSecurityConfig="${JAACSecurityConfig}"

			/>
	</target>

	<target name="exportApplication" >
		<property name="exportLocation" value="${AURA_REPO}/resources/ear/${date}/${startTime}"/>
		<mkdir dir="${exportLocation}"/>

		<AuraApplication applicationName="aura" cluster="${cluster.name}" server="${server.name}" 
			host="${dmgrHostName}" port="${dmgrPortNumber}" connectionType="${wasConnectionType}" 
			userName="${wasUserName}" password="${wasPassword.uncoded}" 
			isMultiEAR="true" MultiEARLocation="${ear.location}" 
			operation="export" 
			earExportLocation="${exportLocation}" 
			soapSecurityConfig="${SOAPSecurityConfig}"
			sslSecurityConfig="${SSLSecurityConfig}"
			sasSecurityConfig="${SASSecurityConfig}"
			jaacSecurityConfig="${JAACSecurityConfig}"

			/>
	</target>

	<target name="process" >
		<AuraProcessEAR  multiEARLocation="${ear.location}" multiEARDeployData="${deploydata.location}" 
			isMultiEAR="true" VirtualHost="default_host" />
	</target>
	

	<target name="copyFileForUnix">

		<sshexec host="${dmgrHostName}"  username="${unix.user}" keyfile="${keyfile}" passphrase="" command="touch somefile">
		</sshexec>

		<scp todir="${unix.user}@${dmgrHostName}:${remote.workdir.ear}" keyfile="${keyfile}" trust="yes" passphrase="">
				<fileset dir="${CURRENT_DIR}/${ear.location}"/>
		</scp>
	
	</target>

<!--
	<target name="copyFileForUnix">
		<echo message= "Delete files from ${remoteMultiEARLocation} on ${dmgrHostName} as ${user.name}"/>

		<exec executable="ssh" >
			<arg value="${user.name}@${dmgrHostName}"/> 
			<arg value="rm -rf ${remoteMultiEARLocation}"/>
		</exec>

		<echo message= "Creating dir ${remoteMultiEARLocation} on target server ${dmgrHostName} as ${user.name}"/>
		
		<exec executable="ssh" >
			<arg value="${user.name}@${dmgrHostName}"/> 
			<arg value="mkdir ${remoteMultiEARLocation}"/>
		</exec>

		<echo message= "Copying files to target server ${dmgrHostName}" />

		<exec executable="scp" >
			<arg value="-r"/>
			<arg value="${workdir}"/>
			<arg value="${user.name}@${dmgrHostName}:${remoteMultiEARLocation}"/>
		</exec>

		<exec executable="ssh" >
			<arg value="${user.name}@${dmgrHostName}"/> 
			<arg value="chmod -R 777 ${remoteworkdir}"/>
		</exec>

	</target>
-->
	
	<target name="auraDeploy" >
	
		<AuraDeployLite applicationName="aura" cluster="${cluster.name}" server="${server.name}" 
			host="${dmgrHostName}" port="${dmgrPortNumber}" connectionType="${wasConnectionType}" 
			userName="${wasUserName}" password="${wasPassword.uncoded}" 
			failIfResourceAbsent="false" isMultiEAR="true" 
			multiEARLocation="${ear.location}" 
			multiEARDeployData="${deploydata.location}" 
			webserver="${webserver}"  
			SleepTimeForSyncRequest="5000" parentLastClassLoaderMode="false" 
			generateEJBDeployCode="false"  
			soapSecurityConfig="${SOAPSecurityConfig}"
			sslSecurityConfig="${SSLSecurityConfig}"
			sasSecurityConfig="${SASSecurityConfig}"
			jaacSecurityConfig="${JAACSecurityConfig}"
			startingweight="1"
			defaultValues="true"
			releaseMI = "${releaseMI}"

			targetOS="Linux"

			reStartClusterAfterDeploy="false"	
			
			remoteEARDirectory="${remote.workdir.ear}"
			/>

		<echo message="Deploy sucessfull on ${_Nodes}"  />

	</target>

	<target name="uninstallApplication" >
	
		<AuraDeployLite applicationName="aura" cluster="${cluster.name}" server="${server.name}" 
			host="${dmgrHostName}" port="${dmgrPortNumber}" connectionType="${wasConnectionType}" 
			userName="${wasUserName}" password="${wasPassword.uncoded}" 
			failIfResourceAbsent="false" isMultiEAR="true" 
			multiEARLocation="${ear.location}" 
			multiEARDeployData="${deploydata.location}" 
			webserver="${webserver}"  
			SleepTimeForSyncRequest="5000" parentLastClassLoaderMode="false" 
			generateEJBDeployCode="false"  
			soapSecurityConfig="${SOAPSecurityConfig}"
			sslSecurityConfig="${SSLSecurityConfig}"
			sasSecurityConfig="${SASSecurityConfig}"
			jaacSecurityConfig="${JAACSecurityConfig}"
			startingweight="1"
			defaultValues="true"
			releaseMI = "${releaseMI}"
			operation="uninstall"
			targetOS="Linux"

			reStartClusterAfterDeploy="false"	
			/>

		<echo message="Deployed on ${_Nodes}"  />

	</target>


</project>
