<project name="aura" default="help">
	<import file="../common/input.xml"/> 

	<import file="init.xml"/> 
	

	<import file="monitor.xml"/>
	<import file="auraconfiglite.xml"/>
	<import file="auradeploylite.xml"/>
	<import file="monitor.xml"/>
	<import file="plugin.xml"/> 

	<target name="was:extractAll" depends="clean,init,load-aura-xml,input,validate,inputScope,extractAllResouces"/>
	<target name="was:extract" depends="clean,init,load-aura-xml,input,validate,inputScope,inputResourceName,extractResource"/>
	<target name="was:apply" depends="clean,init,load-aura-xml,input,commitResources"/> 
	<target name="was:preview" depends="clean,init,load-aura-xml,input,reportResources"/>

    <target name="was:startApp" depends="clean,init,load-aura-xml,input,startApplication"/>
    <target name="was:stopApp" depends="clean,init,load-aura-xml,input,stopApplication"/>
    <target name="was:deployApp" depends="clean,init,load-aura-xml,input,inputDeployData,process,copyFileForUnix,auraDeploy"/>
    <target name="was:uninstallApp" depends="clean,init,load-aura-xml,input,uninstallApplication"/>
    <target name="was:exportApp" depends="clean,init,load-aura-xml,input,exportApplication"/>

    <target name="serve" depends="clean,init,load-aura-xml,_serve"/>

    <target name="was:monitor" depends="clean,init,monitorEnvironments"/>
    <target name="was:compareFiles" depends="clean,init,input,setResourceToCompare,docompareFiles"/>

	
	<target name="help">
		<echo>
Supported targets are
was:extract 
     [-Dnoprompt=false -Dscope=[server, cluster, cell]  -Dresource.name= -Denv.name=]
was:extractAll
	[-Dnoprompt=false -Denv.name=]
was:apply
	[-Dnoprompt=false -Denv.name=]
was:preview
	[-Dnoprompt=false -Denv.name=]

was:startApp
	[-Dnoprompt=true -Denv.name=(env name)]
was:stopApp
	[-Dnoprompt=true -Denv.name=(env name)]
was:exportApp
	[-Dnoprompt=true -Denv.name=(env name)]
was:deployApp
	[-Dnoprompt=true -Denv.name=(env name) -Dwebserver.name= [-Dcluster.name=] [-Dserver.name= -Dnode.name=] ]
was:uninstallApp
	[-Dnoprompt=true -Denv.name=(env name)]

was:compareFiles
was:monitor" 
		</echo>			
	</target>

</project>
